ID_темы,Заголовок,Slug,Кластер,Текст_статьи,Кол-во_символов,Статус,Дата_создания,,#ERROR!
1.0,Как паять паяльником: пошаговый гайд для начинающих,kak-payat-payalnikom-dlya-nachinayuschih,Основы пайки / Как паять,"---
title: ""Как паять паяльником: пошаговый гайд для начинающих""
slug: ""kak-payat-payalnikom-dlya-nachinayuschih""
meta_description: ""Как правильно паять паяльником дома: выбор температуры, флюса, припоя ПОС-61 и пошаговый разбор 4 шагов идеального паяного контакта.""
cluster: ""Основы пайки / Как паять""
---

# Как паять паяльником: пошаговый гайд для начинающих

## Краткий ответ

Правильная пайка паяльником заключается в одновременном нагреве выводов детали и медной площадки платы с последующей подачей припоя в зону контакта. Ключевые условия качественного соединения: предварительно очищенное и залуженное жало, обязательное нанесение флюса (канифоль или жидкий ЛТИ-120) и использование трубчатого припоя ПОС-61 при температуре жала 280–320°C. Время контакта жала с деталью не должно превышать 2–3 секунд.

## Почему здесь часто ошибаются

Новичок смотрит на цену и берёт дешевый паяльник за 400 рублей без регулировки температуры. Жало раскаляется до 450–500°C, флюс сгорает и обугливается за секунду, а припой скатывается сухим матовым шариком и не липнет к плате. Дело не в отсутствии опыта: инструмент без термостабилизации мгновенно уничтожает химию процесса.

Обратная ошибка — сразу купить профессиональную станцию за 12 000–18 000 рублей, если паять нужно пару раз в год. Это деньги впустую: компактный смарт-паяльник с терморегулировкой за 2 500–4 000 рублей закрывает 95% задач в домашней мастерской.

## Что понадобится

**Для оценки выбора:**
- Понимание своих задач: пайка проводов в авто, сборка электроники на платах, SMD-компоненты или ремонт бытовой техники
- Бюджет: базовые паяльники с регулятором — 700–1 500 ₽; смарт-паяльники (Pinecil V2, TS101) — 2 500–4 000 ₽; паяльные станции T12 — 3 500–6 000 ₽

**Для самой пайки:**
- Паяльник или станция с регулировкой температуры (обязательно)
- Припой ПОС-61 с каналом канифоли внутри (диаметр 0,8–1,0 мм)
- Флюс — сосновая канифоль или нейтральный гель ЛТИ-120
- Подставка, латунная стружка для очистки жала или влажная губка

## Чем реально отличается пайка с термоконтролем от обычной

Обычный паяльник без регулятора непрерывно греется на максимуме, выжигая флюс и перегревая медные дорожки текстолита. Инструмент с PID-регулятором поддерживает заданные 300°C: при касании холодной детали электроника увеличивает подачу мощности, не давая жалу остыть.

Смарт-паяльник вроде Pinecil V2 или TS101 совмещает компактность и точность станции: PID-контроллер встроен прямо в ручку, а заземленный корпус USB-C защищает чувствительные микросхемы от статического электричества.

| Параметр | Паяльник без регулировки | Смарт-паяльник (Pinecil V2, TS101) | Паяльная станция (T12, KSGER) |
|---|---|---|---|
| Контроль температуры | Нет (разогрев до 450°C) | PID, точность ±5°C | PID, точность ±2°C |
| Наличие ESD-защиты | Нет | Через заземление USB-C | Полная (ручка + корпус) |
| Скорость нагрева | 3–5 минут | 10–15 секунд | 8–15 секунд |
| Тип используемых жал | Медный стержень / 900M | Картриджи T12 / TS | Картриджи T12 / C245 |
| Цена инструмента | 300–800 ₽ | 2 500–4 000 ₽ | 3 500–8 000 ₽ |
| Подходит для плат | Нет (высокий брак) | Да | Да |

## Пошаговая инструкция: как правильно паять

### Шаг 1. Очисти и залуди жало паяльника

Включи паяльник и установи температуру 300°C. Когда жало прогреется, опусти кончик в канифоль и коснись проволочки припоя. Кончик жала должен стать идеально блестящим и серебристым.

> ✓ Индикатор: припой распределился по кончику жала ровной блестящей пленкой без черного нагара.

### Шаг 2. Нанеси флюс на место соединения

Вставь вывод детали в отверстие платы. Кисточкой или дозатором нанеси капли жидкого флюса ЛТИ-120 или геля прямо на медный пятачок и вывод.

> ✓ Индикатор: флюс полностью смачивает и вывод детали, и медное кольцо на плате.

### Шаг 3. Нагрей контакт и подай припой

Прикоснись плоскостью жала одновременно к выводу детали и к площадке платы. Подержи 1–1.5 секунды для прогрева металла, затем поднеси проволоку припоя в точку контакта (не на само жало).

> ✓ Индикатор: припой мгновенно плавится от тепла деталей и сам втягивается в отверстие платы.

### Шаг 4. Охлади контакт без движения

Убери проволоку припоя, через 0.5 секунды сними паяльник. Зафиксируй деталь на 2–3 секунды до полного застывания олова. Не дуй на шов.

> ✓ Индикатор: сформировался гладкий блестящий конус припоя без трещин и шероховатостей.

## Интерактивная таблица выбора: задача → инструмент → бюджет

| Задача | Рекомендованный инструмент | Ориентировочный бюджет |
|---|---|---|
| Пайка проводов в авто, клемм, редкий ремонт | Смарт-паяльник TS101 или ЭПСН с регулятором | 1 200–3 500 ₽ |
| Сборка платок, радиокружок, хобби | Смарт-паяльник Pinecil V2 / станция T12 | 3 000–5 000 ₽ |
| Ремонт SMD-электроники, микросхем, телефонов | Паяльная станция T12 / C245 с термофеном | 6 000–12 000 ₽ |

## Частые ошибки

**Симптом:** Припой скатывается шариком с вывода и не растекается по медной площадке.  
**Причина:** Отсутствие флюса или сильное окисление меди. Без флюса оксидная пленка не дает олову вступить в диффузию с медью.  
**Решение:** Очистить деталь, обильно нанести канифоль или ЛТИ-120 и повторить нагрев.

**Симптом:** Медная дорожка отклеилась и отвалилась от текстолитового основания платы.  
**Причина:** Перегрев детали. Паяльник удерживался на контакте дольше 5 секунд или температура была выше 350°C.  
**Решение:** Работать при температуре 280–320°C и не держать жало на плате дольше 3 секунд.

## Безопасность

Никогда не кладите горячий паяльник на стол — используйте только подставку с металлической стружкой или губкой. Работайте в проветриваемом помещении или включайте вытяжку: пары флюса и канифоли при регулярном вдыхании раздражают дыхательные пути.

Если используете паяльную станцию, проверьте сопротивление между земляным контактом вилки 220В и жалом паяльника — оно должно быть ≤1 Ом. Это залог безопасности чувствительных микросхем.

## Итог и совет мастера

Главный секрет качественной пайки — это триада: температура 300°C, качественный флюс и припой ПОС-61. Если вы подбираете свой первый набор, загляните в подробный гид по [выбору паяльника для дома](/kakoj-payalnik-vybrat). А если вам интересно, как правильно подобрать сопутствующие материалы, прочитайте наше сравнение про [припои ПОС-61 и их аналоги](/pripoj-dlya-pajki-vidy).

А на чём паяете вы в своей мастерской? Поделитесь вашим сетапом в комментариях!

## FAQ

**Можно ли паять без флюса, используя только припой?**  
Нет, качественная пайка без флюса невозможна. Флюс растворяет оксидную пленку и снижает поверхностное натяжение припоя. Даже в проволочном припое с каналом канифоли часто требуется дополнительное нанесение жидкого флюса.

**Какая температура пайки считается оптимальной для радиодеталей?**  
Для стандартного свинцового припоя ПОС-61 оптимальная температура жала составляет 280–320°C. Для бессвинцовых припоев требуется 340–360°C.

**Чем залудить обгоревшее жало, если припой не липнет?**  
Очистите горячее жало о латунную стружку, погрузите в активатор жала (порошковый реаниматор) или канифоль с припоем и протрите влажной целлюлозной губкой.
",7075,написано,2026-08-08,,
6.0,Какой паяльник выбрать: советы для новичка в 2026 году,kakoj-payalnik-vybrat,Инструменты / Выбор паяльника,"---
title: ""Какой паяльник выбрать: советы для новичка в 2026 году""
slug: ""kakoj-payalnik-vybrat""
meta_description: ""Какой паяльник выбрать начинающему в 2026 году: разбор классических паяльников 220В, паяльных станций T12 и смарт-паяльников USB-C (Pinecil V2, TS101). Критерии и ошибки выбора.""
cluster: ""Инструменты / Выбор паяльника""
---

# Какой паяльник выбрать: советы для новичка в 2026 году

## Краткий ответ
Для первого знакомства с пайкой в 2026 году лучшим выбором станет либо **смарт-паяльник с питанием по USB-C Power Delivery** (модели Pinecil V2, TS101 или FNIRSI HS01) за 2 500 – 4 000 рублей, либо **компактная паяльная станция на картриджах T12** (KSGER, QUECOO) за 3 500 – 5 000 рублей. 

Главное правило: **никогда не покупайте самый дешёвый паяльник за 400 рублей без регулировки температуры**. Он не держит стабильный нагрев, раскаляется до 450°C, мгновенно обугливает флюс и перегревает контакты. Наличие PID-контроллера температуры — это главное условие, чтобы припой легко лип к детали, а не скатывался сухим матовым шариком.

---

## Главные ошибки новичка при покупке первого паяльника

Покупка инструмента — это первый шаг, на котором отсеивается 70% новичков. Вот три типичные ловушки:

1. **Покупка «эбонитового монстра» за 300–500 рублей без терморегулятора**: У такого паяльника нагреватель работает на максимальной мощности непрерывно. Жало перегревается до 400–450°C, никелированное покрытие сгорает, флюс испаряется со свистом за полсекунды, а медные дорожки на плате отваливаются. Вы думаете, что «руки кривые», а на самом деле виноват негодный инструмент.
2. **Покупка огромной паяльной станции за 15 000 рублей «на вырост»**: Профессиональные станции с феном нужны для ежедневного ремонта телефонов и BGA-монтажа. Для домашнего использования, ремонта проводки, сборки конструкторов или подпайки разъёмов это бессмысленная трата денег и места на рабочем столе.
3. **Игнорирование типа и формата жал**: Бюджетные паяльники со сплошными стальными жалами плохо передают тепло. Когда жало касается массивной детали, оно моментально остывает, припой застывает «холодным спаем», а слабому нагревателю не хватает мощности прогреть заготовку.

---

## Какой тип паяльника выбрать в 2026 году

Сегодня рынок инструментов разделился на три основные категории:

### 1. Смарт-паяльники на Type-C (Pinecil V2, TS101, FNIRSI HS01, FNC88)
Это самый современный и удобный формат для дома и выездных работ. 
* **Как работают**: Картридж с интегрированным нагревателем и термодатчиком вставляется в компактную ручку с OLED-дисплеем и микроконтроллером. Питание подается через порт USB-C по протоколу Power Delivery (PD) от сетевого адаптера для ноутбука или повербанка.
* **Плюсы**: Разогрев до 300°C за 3–6 секунд. Точнейшая поддержка температуры с помощью PID-регулятора. Возможность питать от повербанка в машине или на даче. Открытая прошивка (IronOS) с настройкой профилей нагрева и спящего режима.
* **Минусы**: Требуется качественный сетевой блок питания GaN на 65 Вт или мощный повербанк (20V/3A).
* **Кому подходит**: Идеально для большинства новичков, радиолюбителей, сборщиков квадрокоптеров и тех, у кого ограничено место на столе.

### 2. Паяльные станции на картриджах T12 (KSGER, QUECOO)
Классический формат для постоянной работы за верстаком.
* **Как работают**: В станцию встроен блок питания 24V/3A и плата управления с регулятором-энкодером. Используются картриджи формата Hakko T12, где нагреватель и термопара находятся внутри самого жала.
* **Плюсы**: Огромный выбор жал (более 30 форм: конус, микроволна, топорик, клин). Высокая теплоемкость и мгновенный догрев при контакте с массивными полигонами заземления. Надежная стационарная конструкция.
* **Минусы**: Занимает место на столе, привязана к розетке 220 В.
* **Кому подходит**: Для обустройства постоянного рабочего места в гараже или домашней мастерской.

### 3. Сетевые паяльники 220В с электронным термоконтроллером (Deko SI24, Element 947-III, JCD 908S)
Бюджетный сегмент для базовых бытовых задач.
* **Как работают**: Паяльник с встроенным в ручку колесиком или кнопками с ЖК-дисплеем. Использует сменные жала серии 900M.
* **Плюсы**: Низкая цена наборов (от 1 100 до 2 200 рублей за комплект с припоем, подставкой и чехлом). Работает напрямую от розетки без дополнительных блоков питания.
* **Минусы**: Медленнее прогревает массивные контакты из-за промежутка между нагревателем и жалом.
* **Кому подходит**: Если инструмент нужен 2–3 раза в год спаять оборванный провод или отремонтировать гирлянду.

---

## На какие характеристики смотреть при выборе

1. **Мощность**: Для электроники достаточно 60–80 Вт. Важна не максимальная цифра, а скорость отклика термодатчика при касании холодной детали.
2. **Кабель питания**: Кабель должен быть силиконовым и ультрамягким. Жесткий «дубовый» провод будет перевешивать легкую ручку и мешать точным движениям.
3. **Форма и материал жал**: Для начала нужны 2–3 формы жал:
   * **Клин / Отвертка (D24, D16)** — универсальное жало для 80% задач.
   * **Топорик (K)** — отлично подходит для прогрева массивно связанных проводов и выпайки многовыводных деталей.
   * **Игла / Конус (I, B)** — только для мелких одиночных компонентов.
4. **Заземление и ESD-защита**: Паяльник должен иметь заземляющий контакт, чтобы статический разряд не пробил чувствительные полевые транзисторы и микросхемы.

---

## Чек-лист комплекта для старта
Не покупайте один паяльник без расходников. В минимальный набор входят:
* Паяльник с цифровым или PID-регулированием температуры.
* Припой **ПОС-61** с каналом канифоли внутри (диаметр 0.8–1.0 мм).
* Флюс: сосновая канифоль или нейтральный флюс-гель (ЛТИ-120, RMA-223).
* Простая подставка и латунная стружка (или вискозная губка) для очистки жала.

---

## Резюме: какой паяльник купить в 2026 году
* **Лучший современный вариант**: Смарт-паяльник **Pinecil V2** или **TS101** с GaN-блоком питания Type-C на 65 Вт.
* **Лучшая стационарная станция**: **KSGER T12** с картриджами Hakko T12-K и T12-D24.
* **Лучший бюджетный набор «из коробки»**: **Deko SI24** или **Element 947-III** (до 2 000 ₽).",5820,Черновик,2026-08-11,,
,,,,,,,,,
,,,,,,,,,
2,,,,,,,,,
test3,,,,,,,,,